,Predictions,Item_Identifier,Outlet_Identifier
0,663.752665,FDZ44,OUT049
1,1161.6212600000003,FDV46,OUT018
2,628.3154599999999,NCO06,OUT035
3,973.2331500000003,DRG03,OUT013
4,1107.1255299999998,FDU37,OUT013
5,1461.1313900000005,FDI57,OUT013
6,1067.6435900000001,FDM45,OUT013
7,937.5129799999999,FDC26,OUT035
8,2155.2278900000006,FDU14,OUT027
9,700.5214700000001,FDB26,OUT046
10,1047.07037,FDC29,OUT018
11,2103.7282600000003,FDY58,OUT017
12,1510.9998099999998,FDR59,OUT035
13,1166.31515,FDS03,OUT027
14,727.5196600000002,FDR43,OUT013
15,2685.4377200000004,FDZ25,OUT027
16,876.09293,NCN26,OUT045
17,739.7038,FDO38,OUT018
18,2572.51804,FDP28,OUT017
19,216.15196999999998,FDG31,OUT010
20,1421.2166800000005,FDI45,OUT013
21,192.91555,NCS54,OUT010
22,1206.8623700000005,FDE17,OUT045
23,1900.6925500000004,NCG06,OUT046
24,167.28225,FDQ57,OUT019
25,1895.4660200000003,NCB31,OUT035
26,722.2931300000001,NCP29,OUT018
27,203.26874,NCX29,OUT019
28,487.39889000000005,FDU37,OUT018
29,120.34334999999999,FDM02,OUT010
30,1407.0351399999995,FDN16,OUT046
31,1518.25703,FDR46,OUT046
32,2881.8820100000003,FDE50,OUT027
33,79.99587000000001,FDL52,OUT010
34,889.4089299999999,FDQ49,OUT013
35,930.1558899999998,FDI14,OUT045
36,1027.8620400000002,FDS16,OUT013
37,855.0203600000001,FDU15,OUT049
38,1816.16924,NCG43,OUT027
39,2447.84699,FDR23,OUT027
40,1803.7853600000003,FDS52,OUT027
41,1316.18673,NCP18,OUT018
42,2639.29778,DRF23,OUT027
43,1843.4337500000001,FDO09,OUT045
44,761.0759799999998,FDB40,OUT045
45,228.63572,DRK37,OUT019
46,1428.3407399999996,DRN11,OUT046
47,1318.3838700000001,FDE22,OUT045
48,1816.6020099999998,FDF04,OUT035
49,1259.2608299999997,FDE41,OUT017
50,1576.71427,FDW08,OUT027
51,1386.9612700000002,NCD54,OUT035
52,1393.2863699999998,FDZ33,OUT018
53,874.7613299999999,FDO23,OUT035
54,1507.43778,FDN34,OUT035
55,1422.6481499999998,FDL39,OUT013
56,1590.1967199999997,FDT28,OUT049
57,706.0809,FDH33,OUT018
58,1699.0883100000003,FDA34,OUT017
59,1068.2428099999997,FDZ56,OUT035
60,1042.44306,DRH23,OUT017
61,1766.9666200000004,NCO18,OUT035
62,544.09176,DRG27,OUT018
63,213.98811999999998,FDM28,OUT010
64,143.8128,NCY41,OUT010
65,1475.5459600000002,FDD21,OUT035
66,2279.09998,FDD44,OUT049
67,1884.41374,FDP16,OUT046
68,1837.54142,FDQ37,OUT046
69,921.1675899999998,NCY05,OUT045
70,1697.0909100000001,NCE07,OUT035
71,1100.60069,DRI51,OUT035
72,940.8419799999999,NCI31,OUT045
73,1661.0045500000003,FDK60,OUT046
74,643.5289900000001,FDY12,OUT046
75,644.3279500000001,FDO38,OUT049
76,1665.33225,FDP11,OUT035
77,135.35714000000002,FDC21,OUT019
78,1877.68916,NCF54,OUT017
79,2950.35954,FDC35,OUT027
80,581.04366,FDV43,OUT049
81,1326.2070199999998,DRE12,OUT049
82,690.40131,DRE27,OUT013
83,2130.1272299999996,DRC36,OUT027
84,2277.4354800000006,FDZ38,OUT027
85,1993.4052,NCW42,OUT017
86,1535.8341500000004,NCZ18,OUT045
87,220.71269999999996,FDL13,OUT019
88,866.0060600000003,NCN18,OUT018
89,1008.8867400000001,FDI41,OUT017
90,1924.3617400000003,FDV22,OUT013
91,2084.9194099999995,NCB43,OUT027
92,1097.1718199999998,FDQ46,OUT035
93,1084.8045850000003,FDC44,OUT049
94,1391.05594,FDB22,OUT035
95,862.0112599999999,FDV23,OUT045
96,3423.177410000001,FDK10,OUT027
97,1836.40956,FDF05,OUT045
98,1394.0187500000006,FDL33,OUT046
99,1428.8067999999998,FDD20,OUT027
100,979.8578600000001,NCM54,OUT027
101,1084.4883299999997,FDW48,OUT017
102,1330.4681400000002,DRF36,OUT018
103,1354.5701,NCM06,OUT045
104,185.59175000000008,NCA54,OUT010
105,564.9313000000001,FDT46,OUT045
106,914.9423600000002,FDH20,OUT035
107,826.55741,FDT38,OUT045
108,697.4587899999999,NCI17,OUT045
109,1628.34706,FDO40,OUT017
110,700.8543699999998,FDP12,OUT046
111,1160.4894,FDI44,OUT027
112,3571.3511999999996,FDB21,OUT027
113,1691.7312200000001,FDG16,OUT013
114,2625.1162400000003,NCZ42,OUT017
115,1323.7102699999994,NCJ30,OUT017
116,1964.4761900000005,FDV49,OUT046
117,975.6966100000002,NCO43,OUT045
118,191.51737000000003,NCF18,OUT010
119,153.20058,NCX41,OUT010
120,709.3100300000001,FDY11,OUT013
121,1155.1297100000002,FDU46,OUT049
122,2015.47647,NCI18,OUT049
123,1038.7478700000001,FDL38,OUT035
124,967.2409500000001,FDY60,OUT017
125,1371.5147099999997,FDF53,OUT049
126,2878.952490000001,NCM05,OUT027
127,1043.94111,FDR13,OUT018
128,120.64295999999999,FDA49,OUT019
129,93.31186999999998,FDY52,OUT019
130,133.99225,FDL02,OUT019
131,1479.9069499999998,FDO24,OUT013
132,1456.0380199999997,FDM08,OUT035
133,194.94624000000002,FDJ02,OUT019
134,1186.58876,FDW40,OUT018
135,814.6395899999999,FDT46,OUT027
136,1110.5211100000001,FDY08,OUT017
137,2118.7753400000006,FDM21,OUT027
138,1890.60568,FDH26,OUT027
139,1493.7888799999996,NCM42,OUT049
140,1005.1915499999999,FDW13,OUT035
141,2328.20273,FDN04,OUT027
142,1154.7968099999998,NCD07,OUT046
143,194.48017999999996,FDB34,OUT010
144,1517.1917500000002,FDD09,OUT013
145,740.86895,DRH59,OUT049
146,1090.34737,DRN36,OUT035
147,1229.33312,DRA24,OUT017
148,1123.4043399999998,FDY36,OUT027
149,1068.57571,FDG34,OUT013
150,1593.1262400000003,FDK43,OUT017
151,1511.1329699999992,NCM06,OUT017
152,1298.5097400000002,FDK22,OUT018
153,2452.1746900000003,FDF21,OUT027
154,1237.08969,FDO33,OUT018
155,894.9683600000001,NCO43,OUT017
156,1193.2467599999998,FDX15,OUT035
157,1664.4001299999995,FDS10,OUT046
158,272.61180999999993,FDD46,OUT019
159,1100.4675299999997,FDV22,OUT018
160,488.3643,NCR29,OUT018
161,1361.9604799999997,FDU34,OUT017
162,836.9438899999998,FDZ35,OUT018
163,1457.86897,FDA26,OUT035
164,657.54408,FDP38,OUT017
165,714.8694599999999,FDT22,OUT035
166,911.0474300000002,FDA50,OUT017
167,1234.4930699999998,FDY10,OUT046
168,1107.6581700000002,FDC09,OUT045
169,1378.7386399999998,FDT19,OUT018
170,2012.0143099999993,FDO34,OUT027
171,997.6680099999998,NCV54,OUT049
172,1786.8074599999995,FDH57,OUT027
173,1317.58491,FDA28,OUT046
174,2313.3221000000003,FDB05,OUT046
175,97.07364,FDK45,OUT019
176,157.89446999999998,DRH01,OUT019
177,613.73444,FDY52,OUT046
178,1144.67665,FDR48,OUT035
179,1327.5719099999997,FDY15,OUT035
180,1293.48295,FDM51,OUT049
181,545.5565200000001,FDR43,OUT046
182,833.51502,FDW09,OUT013
183,1497.55065,FDV44,OUT049
184,191.81697999999997,DRH37,OUT019
185,1142.8124100000002,FDZ47,OUT049
186,1499.3483099999999,NCP43,OUT046
187,1365.6889599999997,FDL26,OUT018
188,1504.2419399999999,DRM35,OUT017
189,997.1020799999999,FDM39,OUT018
190,1531.5397400000006,DRD15,OUT045
191,132.89368000000002,NCK06,OUT010
192,1285.55993,FDV04,OUT045
193,2002.5932399999997,FDG46,OUT027
194,886.1465100000001,FDO19,OUT049
195,1379.5376,NCN05,OUT049
196,1033.02199,DRA12,OUT045
197,822.4627399999999,FDJ02,OUT049
198,588.7669400000002,NCK17,OUT045
199,1465.7587000000003,FDO58,OUT013
200,1549.8825299999994,FDB22,OUT049
201,1348.7110599999999,FDG33,OUT045
202,1081.29249,FDK58,OUT045
203,109.99016000000003,DRH49,OUT019
204,562.1349400000001,FDT43,OUT046
205,1796.6613000000002,NCR38,OUT049
206,977.0282099999998,DRI39,OUT035
207,1293.8491399999998,NCZ05,OUT035
208,190.65183000000002,FDU21,OUT013
209,1093.5432100000003,NCP54,OUT049
210,1010.7842699999999,NCX29,OUT045
211,745.6960000000001,FDV01,OUT017
212,890.20789,NCS17,OUT017
213,500.8147599999999,NCN07,OUT013
214,1044.80665,FDB14,OUT035
215,1318.5503199999998,NCJ18,OUT035
216,1332.6652800000004,FDF57,OUT046
217,710.44189,DRG01,OUT013
218,1062.98299,FDA02,OUT018
219,1227.90165,DRJ37,OUT017
220,448.88235999999995,NCP55,OUT013
221,1942.4382099999998,FDW45,OUT027
222,1401.1761,FDK38,OUT045
223,160.02503,NCZ30,OUT010
224,124.37144,FDK08,OUT019
225,561.0363699999999,DRY23,OUT035
226,1788.3055099999997,FDT31,OUT046
227,1368.7516399999997,FDU52,OUT018
228,2277.0692900000004,NCG19,OUT013
229,804.38627,NCR30,OUT045
230,894.2359799999998,FDN23,OUT045
231,1617.7608399999997,FDQ01,OUT045
232,147.00863999999999,FDO22,OUT010
233,896.33325,DRE13,OUT045
234,965.0438099999996,FDL44,OUT035
235,962.6469299999999,FDT34,OUT035
236,960.6162399999997,DRM23,OUT035
237,1517.52465,FDF32,OUT045
238,1795.6626,NCE18,OUT045
239,1788.8714399999994,FDA51,OUT027
240,1329.1032500000001,DRZ24,OUT017
241,2035.8166599999997,FDT48,OUT049
242,1258.6616099999997,DRG11,OUT046
243,804.702525,FDE58,OUT049
244,764.47156,DRA12,OUT013
245,1126.4004400000001,FDP60,OUT017
246,885.1810999999998,FDT10,OUT045
247,2164.3160599999997,FDE05,OUT013
248,648.75552,FDC32,OUT045
249,1612.6341800000005,FDJ22,OUT017
250,2108.8549199999998,NCH18,OUT018
251,158.85987999999998,DRE37,OUT019
252,1236.69021,DRC13,OUT035
253,1854.05326,FDG47,OUT046
254,2034.8179599999999,FDY55,OUT018
255,1873.19501,NCW29,OUT027
256,1263.42208,NCT05,OUT045
257,960.4830800000002,FDN50,OUT049
258,145.1444,FDU60,OUT010
259,1849.4592400000001,FDX02,OUT013
260,1206.7292100000002,FDL34,OUT049
261,1503.6760100000001,DRF27,OUT017
262,1269.9469199999999,FDZ35,OUT049
263,1047.1369499999998,DRF03,OUT027
264,1904.5874799999997,NCO41,OUT027
265,1010.3515,FDQ59,OUT045
266,1941.0400300000001,NCZ53,OUT018
267,206.83076999999994,FDZ33,OUT019
268,2130.99277,FDD34,OUT045
269,1900.6259700000003,NCM06,OUT049
270,1601.4154499999995,FDY43,OUT018
271,207.99592,DRM23,OUT010
272,569.5919000000001,FDT20,OUT049
273,945.8021900000001,FDG46,OUT013
274,1838.6399900000001,FDH10,OUT017
275,931.8869700000001,FDF24,OUT035
276,802.6218999999999,FDG57,OUT046
277,1896.99736,FDN44,OUT017
278,1189.6514399999999,FDD32,OUT013
279,206.03181,FDI04,OUT019
280,1375.2099000000003,FDA56,OUT046
281,1584.1379400000003,DRG51,OUT017
282,642.6967400000001,FDZ04,OUT017
283,1358.1654200000003,FDT13,OUT035
284,2153.26378,FDY56,OUT027
285,491.66001000000006,FDB51,OUT017
286,699.98883,NCY29,OUT013
287,756.0159000000001,FDL34,OUT045
288,1015.24513,NCQ38,OUT049
289,2422.87949,NCR41,OUT027
290,130.33035,FDY24,OUT010
291,1329.23641,NCA42,OUT045
292,1706.2456599999998,FDB11,OUT049
293,2212.81959,FDG26,OUT035
294,991.97542,FDH24,OUT035
295,638.4023300000001,FDX44,OUT013
296,2295.3455,FDT52,OUT017
297,506.80696,FDT04,OUT017
298,1707.34423,FDO58,OUT046
299,787.3085,FDR60,OUT046
300,1630.01156,NCL54,OUT045
301,1455.8382800000002,FDW50,OUT013
302,115.74932999999999,FDK43,OUT019
303,1098.5034199999996,FDQ32,OUT018
304,811.24401,FDE29,OUT046
305,966.0425099999999,NCN07,OUT045
306,2062.5818200000003,FDB37,OUT013
307,1200.4041100000002,FDD21,OUT049
308,947.6331400000001,FDX16,OUT013
309,1051.6310999999998,FDN46,OUT049
310,114.25127999999995,FDV28,OUT010
311,2725.05282,FDR48,OUT027
312,1287.5906199999997,FDW37,OUT027
313,677.2850500000002,FDV40,OUT035
314,1033.02199,FDZ57,OUT018
315,1494.3881000000001,FDY46,OUT049
316,1352.6725699999995,FDX45,OUT049
317,919.9691499999996,FDB33,OUT035
318,202.4032,FDT58,OUT010
319,1799.6573999999996,FDM39,OUT049
320,800.6577900000001,NCY41,OUT045
321,1519.32231,NCL31,OUT046
322,1742.56505,NCJ31,OUT046
323,266.38658,FDO23,OUT019
324,932.6526399999999,FDN56,OUT035
325,2226.4019100000005,FDF04,OUT013
326,1412.4281199999996,FDJ44,OUT013
327,1692.89637,FDS50,OUT045
328,3030.22225,NCQ41,OUT027
329,993.73979,FDA49,OUT046
330,2188.61776,NCZ06,OUT017
331,1344.0171699999999,NCM43,OUT018
332,1547.1527500000004,FDH19,OUT013
333,926.69373,FDS15,OUT049
334,665.9664499999999,FDO50,OUT018
335,1085.7866399999998,FDJ20,OUT018
336,145.94336000000004,NCI31,OUT010
337,2141.61228,FDU20,OUT027
338,1403.8060100000002,DRK13,OUT046
339,1624.7184499999998,DRJ24,OUT045
340,2109.05466,FDI20,OUT045
341,759.71109,FDF10,OUT045
342,1598.3860600000003,FDQ45,OUT046
343,1255.63222,FDQ10,OUT035
344,1876.4241399999996,FDM36,OUT035
345,1066.7114699999997,FDN12,OUT018
346,1228.8004799999999,FDD50,OUT013
347,1363.82472,FDG17,OUT049
348,1546.8198499999999,FDY58,OUT049
349,338.42614,NCK29,OUT019
350,99.73684000000003,FDM32,OUT010
351,1129.1302199999998,FDL46,OUT046
352,1319.9817900000003,FDC51,OUT049
353,1692.6633399999998,FDF16,OUT049
354,639.3344500000001,NCV54,OUT013
355,738.8715499999998,FDE35,OUT045
356,1405.90328,FDA23,OUT035
357,2065.2450199999994,FDI46,OUT045
358,960.2167600000002,FDZ21,OUT013
359,1381.535,DRK13,OUT017
360,1968.0715099999998,FDX36,OUT017
361,810.7113700000001,FDY22,OUT018
362,2784.5087599999997,FDR32,OUT027
363,711.9066500000001,DRF25,OUT046
364,1205.39761,FDK20,OUT046
365,97.20680000000002,DRI11,OUT019
366,1554.5764199999999,FDH05,OUT045
367,1822.4943399999997,FDA46,OUT045
368,1495.7197,DRD24,OUT046
369,1199.80489,FDL39,OUT017
370,675.6205500000001,FDD52,OUT018
371,1817.46755,FDR55,OUT017
372,1961.2137700000003,DRI13,OUT017
373,1262.3568,FDG31,OUT027
374,709.04371,FDP04,OUT045
375,1167.8132,FDH35,OUT013
376,1483.63543,NCB42,OUT035
377,1435.76441,FDQ14,OUT049
378,2846.9940900000006,FDI19,OUT027
379,220.94572999999997,FDJ55,OUT010
380,823.9607899999999,DRN59,OUT049
381,697.0925999999997,NCR06,OUT013
382,1527.47836,NCF42,OUT013
383,504.27691999999996,FDG24,OUT018
384,944.3374299999999,FDB58,OUT018
385,921.1343,FDQ56,OUT027
386,891.9056800000001,NCV41,OUT046
387,1439.2598600000001,FDW19,OUT017
388,117.48041,FDO56,OUT010
389,1134.1237200000003,FDI41,OUT045
390,755.5498399999999,FDN10,OUT018
391,649.7875099999999,FDY20,OUT018
392,2332.230819999999,DRM37,OUT027
393,1074.0685600000002,FDV34,OUT045
394,2064.8788300000006,NCX18,OUT035
395,981.9884200000002,FDY10,OUT045
396,1470.7189100000003,NCZ17,OUT027
397,1797.5268400000004,FDT12,OUT013
398,1024.1335599999998,FDD57,OUT046
399,1066.21212,FDK45,OUT045
400,1511.9319299999997,FDJ57,OUT045
401,741.5347499999997,NCI31,OUT049
402,741.484815,FDZ48,OUT049
403,828.4216500000002,FDI16,OUT046
404,1623.1871100000003,FDZ31,OUT049
405,857.68356,DRG15,OUT045
406,1367.2203000000002,FDX36,OUT045
407,1670.9249700000005,FDD40,OUT046
408,2230.96264,FDA04,OUT027
409,603.71415,FDL21,OUT013
410,1004.7254899999998,FDS21,OUT013
411,1561.1345499999998,DRF23,OUT017
412,737.2736299999999,FDM46,OUT035
413,4204.95977,DRG49,OUT027
414,2101.5977,FDG26,OUT045
415,2398.91069,FDR51,OUT027
416,2020.5698400000006,FDV39,OUT035
417,1706.3788200000004,FDC39,OUT017
418,2614.0972499999993,FDP45,OUT017
419,1208.9263500000002,FDC56,OUT046
420,1244.3801999999998,FDK38,OUT017
421,550.0839599999999,NCJ29,OUT013
422,144.04582999999997,NCF19,OUT019
423,336.66177000000005,FDG59,OUT035
424,300.10935000000006,FDE59,OUT017
425,1213.1874699999996,FDB04,OUT017
426,880.65366,NCK05,OUT013
427,1623.45343,FDR03,OUT017
428,175.00552999999994,FDQ03,OUT019
429,1179.39812,FDC59,OUT017
430,2156.35975,DRB13,OUT017
431,871.4323299999999,NCE54,OUT017
432,1276.3053100000002,FDC10,OUT035
433,304.50362999999993,FDR46,OUT019
434,874.6614599999999,FDA10,OUT035
435,3079.42487,FDP23,OUT027
436,2021.60183,FDJ41,OUT013
437,1048.4019700000001,FDL46,OUT013
438,945.7356100000001,FDX33,OUT035
439,1381.8679,NCL29,OUT049
440,134.12541000000002,FDE16,OUT019
441,1374.5440999999996,FDM57,OUT046
442,1761.6402200000005,FDZ36,OUT013
443,206.398,NCW42,OUT010
444,217.01750999999996,NCI54,OUT019
445,830.9183999999999,DRK01,OUT018
446,254.80166000000003,FDX10,OUT045
447,910.2817600000001,FDO46,OUT018
448,139.1522,FDD16,OUT010
449,2565.3606900000004,FDZ20,OUT027
450,2033.25333,NCI18,OUT017
451,552.5474199999999,DRI25,OUT046
452,1706.0459199999993,FDY44,OUT045
453,86.62057999999999,FDW38,OUT019
454,2338.589209999999,FDY33,OUT027
455,830.1194400000002,DRH51,OUT035
456,981.95513,FDT32,OUT017
457,1131.86,FDI50,OUT049
458,1494.0552000000002,FDB60,OUT013
459,1727.01862,FDP09,OUT035
460,1368.1857100000002,FDA20,OUT013
461,192.28304000000003,NCX05,OUT019
462,1511.5990300000005,DRF37,OUT045
463,1661.5704800000003,FDJ26,OUT046
464,1418.8863800000004,FDZ25,OUT046
465,917.5056900000002,FDZ58,OUT035
466,2639.897,FDZ50,OUT027
467,157.09551,NCG18,OUT010
468,1296.04628,FDZ56,OUT045
469,1238.65432,FDH50,OUT013
470,1083.2566000000002,DRO35,OUT045
471,1362.3266699999997,DRH51,OUT027
472,1060.98559,FDS19,OUT049
473,1267.3170100000002,NCM06,OUT018
474,1412.4946999999997,FDP52,OUT017
475,189.58655,FDK02,OUT010
476,662.8039000000001,FDG59,OUT046
477,2016.3420099999992,FDN20,OUT027
478,1392.4208299999998,FDO57,OUT018
479,1882.0501499999996,NCJ30,OUT035
480,136.75532,FDQ31,OUT010
481,2056.48975,FDC05,OUT049
482,1542.5254400000001,FDM08,OUT013
483,1825.59031,NCA41,OUT035
484,1474.8468699999999,FDK15,OUT027
485,1251.8704500000001,FDX56,OUT049
486,2247.70751,FDT21,OUT046
487,1168.0462300000002,FDQ46,OUT046
488,350.67686,FDS01,OUT019
489,307.2667,FDW34,OUT019
490,2075.8978199999997,FDX07,OUT035
491,831.31788,FDN13,OUT046
492,526.04858,NCP02,OUT018
493,1778.3185100000003,FDT48,OUT017
494,1862.8085300000002,FDZ49,OUT035
495,134.72463,NCJ17,OUT010
496,1682.37673,FDB17,OUT017
497,1016.4768599999998,FDP48,OUT018
498,1227.96823,FDI53,OUT049
499,899.0963200000002,FDW02,OUT013
500,153.50019,FDL20,OUT019
501,881.75223,FDV32,OUT018
502,1183.9921399999998,FDG38,OUT017
503,2962.5103900000004,NCB31,OUT027
504,1710.9062600000002,FDF52,OUT017
505,1569.2906000000005,FDB15,OUT049
506,1175.9692499999999,FDO48,OUT018
507,1794.3309999999997,NCR53,OUT018
508,1052.16374,FDF56,OUT013
509,1777.4529700000003,FDL57,OUT018
510,1064.5143299999995,NCC31,OUT013
511,1287.8569400000001,FDE33,OUT049
512,1466.5909499999993,FDV52,OUT017
513,2653.4127399999998,FDR46,OUT027
514,1344.28349,DRE12,OUT046
515,145.31085000000002,FDD57,OUT010
516,1756.51356,NCS41,OUT049
517,575.6506800000001,NCY41,OUT017
518,1639.69895,FDV22,OUT017
519,1282.5638299999998,FDF12,OUT045
520,834.68017,FDM13,OUT013
521,798.4606500000001,FDQ56,OUT046
522,2774.55505,FDW55,OUT027
523,1383.7987199999993,NCT29,OUT027
524,1628.61338,NCX42,OUT017
525,1250.50556,FDR24,OUT017
526,883.68305,NCS42,OUT017
527,708.4111999999999,FDL40,OUT018
528,1558.0052899999998,FDD47,OUT046
529,293.1517400000001,DRE03,OUT046
530,1608.17332,NCM18,OUT027
531,1886.2113999999997,FDF52,OUT045
532,1012.2157399999999,NCG43,OUT045
533,1834.44545,FDE20,OUT046
534,1215.1848700000003,FDI33,OUT017
535,921.9998400000001,NCT06,OUT013
536,905.98735,FDY24,OUT035
537,1358.0655499999998,FDZ33,OUT017
538,1571.58761,FDJ55,OUT018
539,381.03734,FDE45,OUT019
540,1516.9587200000005,FDD44,OUT018
541,1421.68274,FDD10,OUT018
542,78.29808,FDA39,OUT018
543,755.08378,FDB36,OUT013
544,200.30593000000002,FDK52,OUT010
545,1230.29853,FDJ36,OUT049
546,774.0590800000003,NCB55,OUT018
547,193.58135000000001,NCK18,OUT010
548,1013.3808900000001,FDX27,OUT049
549,1419.85179,FDB08,OUT046
550,2077.06297,FDX43,OUT046
551,914.5428799999997,FDA20,OUT018
552,142.04843,FDC04,OUT019
553,2479.1063,FDG17,OUT017
554,156.22997,FDU58,OUT010
555,1327.0059799999997,FDP24,OUT027
556,751.78807,NCT29,OUT045
557,1190.4503999999995,FDB08,OUT018
558,1553.47785,NCB43,OUT045
559,285.36188000000004,FDL09,OUT019
560,438.1962699999999,DRK49,OUT046
561,1618.3267699999997,FDR37,OUT013
562,1144.8430999999998,FDG56,OUT035
563,1569.8565299999996,FDE34,OUT049
564,3052.3268099999996,FDE16,OUT027
565,1632.7413399999998,FDT58,OUT035
566,2362.5912999999996,FDR03,OUT035
567,1093.9759799999997,NCL30,OUT049
568,1172.57367,FDT22,OUT027
569,1334.2631999999999,FDP45,OUT049
570,1064.48104,FDS15,OUT013
571,2937.04354,FDF16,OUT027
572,1362.3599600000002,FDL13,OUT045
573,469.2558400000001,NCV30,OUT018
574,268.28411,FDG33,OUT019
575,866.0726400000001,FDO10,OUT046
576,1544.92232,FDQ03,OUT013
577,360.53069999999997,NCC55,OUT018
578,1774.85635,FDD52,OUT027
579,509.00409999999994,FDI16,OUT018
580,1613.73275,FDB44,OUT046
581,1532.8713400000001,FDA25,OUT046
582,2093.2419099999997,FDV33,OUT046
583,1164.6173600000002,FDX47,OUT049
584,1006.3899900000002,FDO50,OUT017
585,1503.40969,FDV57,OUT013
586,1930.3206499999997,FDB02,OUT035
587,94.61018000000001,FDD16,OUT019
588,2188.1517,FDX02,OUT046
589,218.48227000000006,FDP11,OUT010
590,1350.2423999999999,FDH32,OUT027
591,2116.2120100000006,NCL18,OUT049
592,1822.82724,FDT12,OUT045
593,2655.94278,FDD50,OUT027
594,1073.9021100000002,NCU05,OUT049
595,879.8547000000001,FDI56,OUT018
596,1450.8780699999998,DRL11,OUT049
597,945.3028399999997,FDQ08,OUT045
598,1336.62679,FDW20,OUT027
599,814.1735300000003,FDW46,OUT045
600,2027.0281,FDO09,OUT049
601,772.2947099999999,DRJ49,OUT018
602,1050.9985899999997,FDP26,OUT013
603,764.77117,FDO19,OUT035
604,139.41852,NCG43,OUT010
605,2032.2546300000001,FDG02,OUT046
606,530.3097,FDO32,OUT035
607,2089.3469800000003,FDR34,OUT046
608,1756.0475000000001,FDU59,OUT046
609,1658.70754,FDN31,OUT045
610,2707.9084700000003,FDT55,OUT027
611,1240.31882,FDE08,OUT018
612,1950.1281999999999,FDK52,OUT013
613,870.2005999999999,FDW11,OUT013
614,2240.816479999999,FDC03,OUT049
615,578.5469099999999,FDR43,OUT018
616,160.65753999999998,FDL14,OUT010
617,557.8072400000001,FDP39,OUT045
618,638.10272,FDG29,OUT027
619,1324.3427799999997,DRH15,OUT046
620,1732.8110800000002,FDT11,OUT035
621,790.6707899999999,FDU48,OUT035
622,622.4564200000001,FDY12,OUT013
623,2838.0390799999996,FDS44,OUT017
624,987.8474600000002,NCP06,OUT018
625,738.8049699999999,DRH23,OUT013
626,3197.4046300000005,FDA16,OUT027
627,509.53674,FDT45,OUT018
628,973.5993400000001,FDE56,OUT017
629,1137.7523299999998,FDA40,OUT017
630,678.4501999999999,FDA39,OUT046
631,1379.3045699999998,NCB19,OUT035
632,1479.9402400000001,FDZ34,OUT013
633,1496.78498,FDV22,OUT045
634,1181.52868,FDO40,OUT049
635,1046.13825,FDD21,OUT013
636,1594.3579700000005,FDO36,OUT013
637,999.1660600000001,FDV34,OUT049
638,1258.362,NCY18,OUT045
639,605.71155,NCM54,OUT018
640,1773.8576499999995,FDB59,OUT049
641,190.11918999999997,FDS45,OUT010
642,1943.4701999999997,FDV24,OUT049
643,192.94883999999996,FDD46,OUT010
644,1445.4517999999996,FDQ39,OUT018
645,1245.97812,FDD52,OUT046
646,1279.43457,FDL39,OUT018
647,1446.5836599999998,FDV02,OUT018
648,1385.69625,FDE11,OUT046
649,1987.1466799999994,NCU54,OUT049
650,143.61305999999996,FDR43,OUT010
651,760.5100500000001,FDD51,OUT013
652,447.0847,FDO60,OUT017
653,1602.4807300000002,NCS06,OUT013
654,1029.95931,FDX50,OUT045
655,1385.1636100000003,FDQ55,OUT035
656,92.47962000000001,FDL52,OUT018
657,1359.2307,FDK52,OUT045
658,797.72827,NCO02,OUT017
659,1552.6788900000001,NCO30,OUT035
660,1393.4195300000001,FDA33,OUT049
661,915.8411899999999,FDB12,OUT013
662,1091.3793599999997,FDT40,OUT013
663,941.1082999999999,NCO05,OUT017
664,1968.9703399999999,FDR32,OUT049
665,432.96974,FDM04,OUT018
666,1385.92928,DRL01,OUT013
667,673.52328,FDQ56,OUT018
668,1805.6163100000006,FDH08,OUT046
669,288.52443000000005,NCQ06,OUT019
670,252.77096999999998,FDG16,OUT019
671,861.3121699999999,FDZ40,OUT027
672,1841.1700299999998,FDY51,OUT035
673,618.29517,NCN41,OUT018
674,2065.51134,NCM17,OUT027
675,633.60857,FDP39,OUT017
676,801.92281,FDZ08,OUT035
677,1763.2048500000005,FDU03,OUT018
678,1673.0888200000002,FDZ49,OUT046
679,256.73248,NCX30,OUT019
680,515.96171,FDV08,OUT045
681,2491.6899199999993,FDB15,OUT013
682,854.2214,FDY49,OUT013
683,1258.6949,FDF24,OUT017
684,1662.3694400000008,DRK47,OUT045
685,741.1019799999998,DRD37,OUT017
686,534.1047599999999,FDH40,OUT018
687,1039.4136700000004,FDL12,OUT027
688,809.2798999999998,FDW11,OUT027
689,1879.2205,NCE06,OUT035
690,1551.6468999999997,FDF32,OUT018
691,1641.09713,DRI47,OUT035
692,1357.10014,DRA12,OUT035
693,1275.60622,FDX45,OUT013
694,1629.4456300000004,FDR35,OUT013
695,270.48125,FDK03,OUT010
696,1237.25614,NCJ18,OUT013
697,641.39843,FDN48,OUT045
698,240.98631000000006,FDZ59,OUT019
699,3131.9897800000003,FDB57,OUT027
700,108.82500999999999,DRP35,OUT019
701,1224.10659,FDZ59,OUT013
702,878.1902,FDU58,OUT018
703,2117.41045,FDL09,OUT035
704,2655.7763299999997,FDY38,OUT017
705,3912.2740900000013,FDI46,OUT027
706,1269.6805999999995,FDL03,OUT017
707,66.67987,DRC25,OUT019
708,1307.3315900000002,FDU60,OUT045
709,2506.2709400000003,FDP25,OUT027
710,170.27835,FDO57,OUT010
711,780.3009549999999,FDQ09,OUT049
712,1026.6635999999996,NCY05,OUT027
713,2126.09914,FDA20,OUT049
714,185.72490999999997,FDF16,OUT010
715,1420.35114,NCG07,OUT013
716,1141.1146199999998,FDR46,OUT018
717,646.29206,FDP22,OUT049
718,940.7754000000001,FDL45,OUT035
719,1403.7394300000003,NCF42,OUT018
720,1180.52998,FDD04,OUT049
721,1424.7787099999998,FDC45,OUT018
722,1052.4966399999998,FDI40,OUT045
723,1910.3799400000003,FDQ11,OUT046
724,1167.01424,DRM48,OUT046
725,942.40661,FDS12,OUT013
726,960.88256,FDR46,OUT017
727,697.7251100000001,NCO02,OUT045
728,2582.8046499999996,FDQ52,OUT013
729,2816.3007099999995,FDY28,OUT017
730,892.9043799999996,FDE32,OUT046
731,1780.1494599999999,FDJ58,OUT035
732,882.8175100000002,FDJ27,OUT045
733,970.2703399999998,NCM18,OUT049
734,1277.77007,FDA02,OUT045
735,1493.12308,FDT26,OUT046
736,1296.7786600000004,DRD60,OUT035
737,531.4748500000002,NCR18,OUT046
738,1220.7110099999995,FDO27,OUT046
739,252.83755000000002,FDP25,OUT019
740,792.56832,FDQ51,OUT035
741,1359.39715,NCH07,OUT017
742,1168.41242,FDP44,OUT045
743,577.8811099999999,NCP55,OUT017
744,1736.5728499999998,FDO09,OUT013
745,519.45716,FDP38,OUT049
746,1045.2061299999998,FDI48,OUT017
747,1672.45631,FDS58,OUT045
748,2386.5600999999997,FDJ55,OUT035
749,2047.8676399999997,NCF06,OUT049
750,2181.66015,FDF41,OUT045
751,179.83258000000006,NCL05,OUT019
752,834.34727,FDT24,OUT049
753,143.64635,FDK08,OUT010
754,1996.9339400000001,FDU55,OUT018
755,1726.4194,NCY18,OUT017
756,1906.4850099999999,FDS11,OUT046
757,126.76831999999999,FDC28,OUT019
758,1793.2324300000005,FDR59,OUT046
759,994.9049399999998,DRE15,OUT017
760,998.16736,FDP19,OUT049
761,1845.1648300000002,DRN47,OUT049
762,1024.56633,FDJ34,OUT018
763,1275.04029,FDX21,OUT018
764,1927.7240299999999,FDI57,OUT027
765,1574.9831899999997,NCI42,OUT046
766,1377.8398099999995,FDL03,OUT045
767,733.57844,FDX37,OUT013
768,1510.93323,FDW57,OUT018
769,858.94858,FDX14,OUT017
770,1421.4164199999996,FDD09,OUT046
771,1731.3796100000004,FDM09,OUT046
772,607.8754000000001,NCW54,OUT018
773,2738.7683,DRL11,OUT027
774,1566.5608200000004,FDJ58,OUT018
775,154.63204999999996,FDX21,OUT019
776,1444.8858699999998,FDA20,OUT017
777,972.2344499999999,FDL34,OUT035
778,1780.0495899999999,FDL38,OUT027
779,1159.0246399999999,DRL11,OUT018
780,1466.4577900000002,FDO40,OUT018
781,908.2510700000003,DRZ24,OUT045
782,1116.7796299999998,FDM52,OUT035
783,1879.7198500000006,FDM52,OUT017
784,1701.1190000000006,FDV49,OUT018
785,1725.6870199999998,FDF47,OUT017
786,1765.7015999999999,FDF56,OUT035
787,148.14049999999997,FDW12,OUT010
788,439.32813,FDY09,OUT019
789,1840.57081,FDY55,OUT035
790,114.11812,FDU36,OUT019
791,977.3943999999998,NCR06,OUT049
792,428.50888,FDW24,OUT046
793,1636.1702099999998,FDF16,OUT013
794,864.0752399999998,NCR18,OUT049
795,660.57347,DRD01,OUT035
796,1100.73385,FDS15,OUT045
797,1201.4693900000002,FDT19,OUT013
798,371.1502100000001,FDE59,OUT013
799,162.85467999999997,FDE04,OUT010
800,1272.4103800000003,NCV17,OUT035
801,1693.4623000000004,FDC17,OUT013
802,1477.0440099999998,FDI45,OUT035
803,3369.8801200000003,FDZ33,OUT027
804,204.03440999999995,FDJ56,OUT019
805,336.16242,FDN25,OUT013
806,130.43022000000002,FDC10,OUT019
807,640.9989499999999,FDQ22,OUT049
808,1812.5739199999996,NCR54,OUT035
809,1434.3662299999999,DRK11,OUT035
810,676.0866100000001,DRI37,OUT017
811,935.5988050000002,FDX37,OUT049
812,1976.69362,FDF05,OUT046
813,108.32566,FDW36,OUT019
814,1421.01694,FDI04,OUT035
815,1311.49284,FDB04,OUT045
816,1484.93374,FDU38,OUT035
817,1528.1108700000004,FDY28,OUT013
818,1207.4948799999997,FDP20,OUT046
819,1414.6585500000003,FDC29,OUT017
820,1489.9272400000002,FDR45,OUT049
821,1484.8671600000002,NCC42,OUT046
822,1641.8627999999997,NCF42,OUT017
823,251.93872000000002,FDZ45,OUT010
824,2137.1514199999997,FDB23,OUT017
825,740.40289,FDC41,OUT049
826,245.58032999999992,FDA10,OUT019
827,1568.8578300000001,NCM26,OUT017
828,105.66246000000001,FDZ58,OUT019
829,950.4960799999999,FDW35,OUT035
830,1209.3924099999997,FDX32,OUT035
831,1591.66148,FDK40,OUT018
832,1114.0498499999999,FDD04,OUT017
833,2029.5581400000003,FDP28,OUT046
834,2121.83802,NCL42,OUT013
835,1987.1466799999998,DRB13,OUT035
836,1620.69036,FDC33,OUT018
837,1331.6332900000002,FDO58,OUT035
838,209.32752,FDE34,OUT010
839,791.1701399999998,NCE19,OUT046
840,236.79176999999996,NCJ18,OUT010
841,1533.9366199999993,FDF52,OUT049
842,1444.38652,FDY04,OUT035
843,1004.6422650000002,DRF49,OUT049
844,158.16079,FDX27,OUT010
845,598.6873600000001,FDV28,OUT013
846,174.83908,FDE33,OUT019
847,1586.2685000000004,FDQ37,OUT013
848,1005.3580000000002,NCG30,OUT046
849,956.9210499999999,NCH29,OUT017
850,1456.3376299999998,FDV20,OUT017
851,660.17399,FDG57,OUT018
852,2255.3309200000003,FDU60,OUT035
853,136.62216,NCH30,OUT010
854,160.1249,NCM29,OUT010
855,1035.9848000000004,FDB12,OUT018
856,567.09515,FDD53,OUT049
857,739.8369600000002,FDI44,OUT049
858,2888.83962,FDW56,OUT027
859,520.58902,FDA01,OUT018
860,2046.7024899999997,FDG47,OUT013
861,1451.0778099999998,FDT40,OUT035
862,1237.7221999999997,FDU20,OUT035
863,977.1280800000002,NCP41,OUT018
864,1947.1986800000002,FDW36,OUT027
865,1566.1280499999998,FDN31,OUT049
866,223.70880000000005,NCU54,OUT010
867,1416.7225299999998,FDS01,OUT046
868,950.2297599999999,FDA23,OUT017
869,1333.8970100000001,FDY08,OUT045
870,1892.60308,FDJ28,OUT046
871,1744.3627099999999,DRF36,OUT046
872,240.28722,FDH44,OUT010
873,1357.96568,NCY54,OUT049
874,264.85524,FDR59,OUT010
875,1406.86869,DRA59,OUT046
876,1125.7679299999998,FDS55,OUT017
877,933.31844,FDZ28,OUT045
878,1652.9150800000007,DRG49,OUT045
879,193.54806000000002,FDH21,OUT019
880,1405.3706400000003,NCN19,OUT013
881,1752.9515300000003,FDP25,OUT045
882,883.4833099999998,DRH59,OUT046
883,776.6556999999999,FDH09,OUT035
884,1064.7140700000002,NCK54,OUT049
885,2537.6301200000003,FDT21,OUT045
886,229.63442,FDR12,OUT019
887,1167.41372,FDS25,OUT017
888,1207.9942299999998,NCL05,OUT027
889,2118.87521,NCI30,OUT017
890,1535.1683499999997,FDJ26,OUT045
891,1176.2855050000003,FDA56,OUT049
892,1679.8466899999996,FDM33,OUT018
893,790.2380199999999,FDP04,OUT049
894,1844.0329699999998,FDR55,OUT045
895,2318.94811,NCZ54,OUT027
896,945.0365199999997,NCA53,OUT049
897,1187.9536499999997,FDL20,OUT046
898,1210.0249200000003,FDT26,OUT035
899,1854.65248,NCZ06,OUT046
900,2114.4476399999994,FDA04,OUT017
901,2827.58602,FDD29,OUT027
902,2199.7366200000006,FDS56,OUT046
903,1623.4201399999997,FDT07,OUT013
904,1301.4059699999998,FDT58,OUT018
905,1130.09563,FDJ10,OUT027
906,949.7636999999999,FDN25,OUT035
907,1493.4226900000008,DRC27,OUT045
908,1811.5419299999994,FDA38,OUT049
909,747.2273399999999,FDM56,OUT013
910,615.8650000000001,NCI43,OUT013
911,1217.7482,FDP36,OUT017
912,40.21431999999999,DRK49,OUT019
913,214.28773,FDW32,OUT019
914,2081.2908,NCW18,OUT049
915,619.3271600000002,FDQ44,OUT018
916,859.6143800000002,FDL45,OUT045
917,766.03619,DRB48,OUT035
918,1152.7994099999999,FDQ34,OUT018
919,1384.09833,FDH17,OUT017
920,121.5085,FDN08,OUT010
921,1447.3826199999996,FDK57,OUT027
922,2124.76754,FDK10,OUT013
923,2475.1447899999994,FDL39,OUT027
924,1529.6422100000004,FDP25,OUT035
925,1691.5980599999998,FDC05,OUT035
926,788.90642,FDA39,OUT013
927,820.8648199999998,FDZ10,OUT013
928,1288.0233900000003,FDK08,OUT027
929,828.65468,DRD24,OUT013
930,1120.50811,DRG48,OUT018
931,93.44502999999999,FDH52,OUT019
932,995.0713900000001,FDS25,OUT045
933,1545.7878599999995,NCH43,OUT035
934,1063.7153700000001,DRK01,OUT017
935,983.3200199999998,FDD59,OUT017
936,290.72157000000004,FDB27,OUT010
937,824.5267200000002,FDO22,OUT013
938,1019.8724399999999,FDD35,OUT045
939,1629.5122100000003,FDR01,OUT035
940,249.97461000000004,NCB31,OUT019
941,1487.0975900000003,FDC35,OUT046
942,998.1007799999998,FDS23,OUT045
943,821.7969399999998,FDC33,OUT045
944,2355.3340799999996,NCF18,OUT018
945,1794.7637699999996,FDM36,OUT049
946,854.5376550000001,FDJ53,OUT049
947,828.6213899999999,NCL17,OUT018
948,2277.60193,FDW27,OUT027
949,2386.09404,FDA32,OUT046
950,161.58966,FDA03,OUT010
951,995.2045500000002,FDW09,OUT045
952,2115.1800200000002,FDN09,OUT045
953,1709.0753099999997,FDM08,OUT017
954,779.9181199999999,FDX01,OUT018
955,866.8549550000001,DRO35,OUT049
956,1548.8172499999998,FDS31,OUT045
957,1056.8909200000003,NCM53,OUT049
958,712.7721900000001,FDI16,OUT013
959,2135.81982,DRF36,OUT049
960,2149.83491,FDW49,OUT027
961,206.73090000000002,FDB58,OUT019
962,784.3456899999999,NCJ18,OUT045
963,1151.6342600000003,FDL51,OUT045
964,792.7680600000001,FDS03,OUT018
965,157.49499000000006,NCO54,OUT019
966,1801.38848,FDA48,OUT045
967,1792.6332099999995,NCK06,OUT027
968,1391.72174,NCZ54,OUT045
969,3736.2698600000003,FDW39,OUT027
970,1968.73731,FDI09,OUT046
971,954.29114,NCO02,OUT049
972,1142.91228,DRF13,OUT049
973,904.4560100000001,FDK25,OUT017
974,1851.1570300000003,FDZ38,OUT017
975,175.20527,NCQ42,OUT019
976,1547.01959,FDM14,OUT027
977,514.69669,FDC20,OUT046
978,597.3224700000003,FDW32,OUT018
979,2471.516180000001,FDQ19,OUT045
980,1508.8692500000002,FDE08,OUT049
981,1043.1421500000001,FDC29,OUT049
982,1302.83744,FDV50,OUT013
983,2424.9434699999997,FDF11,OUT017
984,1810.5765200000005,FDN09,OUT018
985,1095.6071900000002,DRG37,OUT045
986,2097.27,NCV06,OUT027
987,202.0703,DRJ13,OUT010
988,1224.2397500000004,DRF25,OUT027
989,256.56603,FDE53,OUT010
990,2011.4483800000003,FDS08,OUT046
991,926.3941199999999,FDO23,OUT017
992,1818.1999300000002,FDT07,OUT046
993,2043.14046,NCX29,OUT035
994,714.1370799999997,FDG22,OUT035
995,2421.74763,DRJ47,OUT027
996,430.50628000000006,FDL43,OUT013
997,2314.3207999999995,FDZ43,OUT027
998,839.8734099999999,FDZ21,OUT046
999,1137.81891,FDJ50,OUT035
1000,1292.3177999999998,FDV35,OUT046
1001,663.752665,FDZ44,OUT049
1002,1161.6212600000003,FDV46,OUT018
1003,628.3154599999999,NCO06,OUT035
1004,973.2331500000003,DRG03,OUT013
1005,1107.1255299999998,FDU37,OUT013
1006,1461.1313900000005,FDI57,OUT013
1007,1067.6435900000001,FDM45,OUT013
1008,937.5129799999999,FDC26,OUT035
1009,2155.2278900000006,FDU14,OUT027
1010,700.5214700000001,FDB26,OUT046
1011,1047.07037,FDC29,OUT018
1012,2103.7282600000003,FDY58,OUT017
1013,1510.9998099999998,FDR59,OUT035
1014,1166.31515,FDS03,OUT027
1015,727.5196600000002,FDR43,OUT013
1016,2685.4377200000004,FDZ25,OUT027
1017,876.09293,NCN26,OUT045
1018,739.7038,FDO38,OUT018
1019,2572.51804,FDP28,OUT017
1020,216.15196999999998,FDG31,OUT010
1021,1421.2166800000005,FDI45,OUT013
1022,192.91555,NCS54,OUT010
1023,1206.8623700000005,FDE17,OUT045
1024,1900.6925500000004,NCG06,OUT046
1025,167.28225,FDQ57,OUT019
1026,1895.4660200000003,NCB31,OUT035
1027,722.2931300000001,NCP29,OUT018
1028,203.26874,NCX29,OUT019
1029,487.39889000000005,FDU37,OUT018
1030,120.34334999999999,FDM02,OUT010
1031,1407.0351399999995,FDN16,OUT046
1032,1518.25703,FDR46,OUT046
1033,2881.8820100000003,FDE50,OUT027
1034,79.99587000000001,FDL52,OUT010
1035,889.4089299999999,FDQ49,OUT013
1036,930.1558899999998,FDI14,OUT045
1037,1027.8620400000002,FDS16,OUT013
1038,855.0203600000001,FDU15,OUT049
1039,1816.16924,NCG43,OUT027
1040,2447.84699,FDR23,OUT027
1041,1803.7853600000003,FDS52,OUT027
1042,1316.18673,NCP18,OUT018
1043,2639.29778,DRF23,OUT027
1044,1843.4337500000001,FDO09,OUT045
1045,761.0759799999998,FDB40,OUT045
1046,228.63572,DRK37,OUT019
1047,1428.3407399999996,DRN11,OUT046
1048,1318.3838700000001,FDE22,OUT045
1049,1816.6020099999998,FDF04,OUT035
1050,1259.2608299999997,FDE41,OUT017
1051,1576.71427,FDW08,OUT027
1052,1386.9612700000002,NCD54,OUT035
1053,1393.2863699999998,FDZ33,OUT018
1054,874.7613299999999,FDO23,OUT035
1055,1507.43778,FDN34,OUT035
1056,1422.6481499999998,FDL39,OUT013
1057,1590.1967199999997,FDT28,OUT049
1058,706.0809,FDH33,OUT018
1059,1699.0883100000003,FDA34,OUT017
1060,1068.2428099999997,FDZ56,OUT035
1061,1042.44306,DRH23,OUT017
1062,1766.9666200000004,NCO18,OUT035
1063,544.09176,DRG27,OUT018
1064,213.98811999999998,FDM28,OUT010
1065,143.8128,NCY41,OUT010
1066,1475.5459600000002,FDD21,OUT035
1067,2279.09998,FDD44,OUT049
1068,1884.41374,FDP16,OUT046
1069,1837.54142,FDQ37,OUT046
1070,921.1675899999998,NCY05,OUT045
1071,1697.0909100000001,NCE07,OUT035
1072,1100.60069,DRI51,OUT035
1073,940.8419799999999,NCI31,OUT045
1074,1661.0045500000003,FDK60,OUT046
1075,643.5289900000001,FDY12,OUT046
1076,644.3279500000001,FDO38,OUT049
1077,1665.33225,FDP11,OUT035
1078,135.35714000000002,FDC21,OUT019
1079,1877.68916,NCF54,OUT017
1080,2950.35954,FDC35,OUT027
1081,581.04366,FDV43,OUT049
1082,1326.2070199999998,DRE12,OUT049
1083,690.40131,DRE27,OUT013
1084,2130.1272299999996,DRC36,OUT027
1085,2277.4354800000006,FDZ38,OUT027
1086,1993.4052,NCW42,OUT017
1087,1535.8341500000004,NCZ18,OUT045
1088,220.71269999999996,FDL13,OUT019
1089,866.0060600000003,NCN18,OUT018
1090,1008.8867400000001,FDI41,OUT017
1091,1924.3617400000003,FDV22,OUT013
1092,2084.9194099999995,NCB43,OUT027
1093,1097.1718199999998,FDQ46,OUT035
1094,1084.8045850000003,FDC44,OUT049
1095,1391.05594,FDB22,OUT035
1096,862.0112599999999,FDV23,OUT045
1097,3423.177410000001,FDK10,OUT027
1098,1836.40956,FDF05,OUT045
1099,1394.0187500000006,FDL33,OUT046
1100,1428.8067999999998,FDD20,OUT027
1101,979.8578600000001,NCM54,OUT027
1102,1084.4883299999997,FDW48,OUT017
1103,1330.4681400000002,DRF36,OUT018
1104,1354.5701,NCM06,OUT045
1105,185.59175000000008,NCA54,OUT010
1106,564.9313000000001,FDT46,OUT045
1107,914.9423600000002,FDH20,OUT035
1108,826.55741,FDT38,OUT045
1109,697.4587899999999,NCI17,OUT045
1110,1628.34706,FDO40,OUT017
1111,700.8543699999998,FDP12,OUT046
1112,1160.4894,FDI44,OUT027
1113,3571.3511999999996,FDB21,OUT027
1114,1691.7312200000001,FDG16,OUT013
1115,2625.1162400000003,NCZ42,OUT017
1116,1323.7102699999994,NCJ30,OUT017
1117,1964.4761900000005,FDV49,OUT046
1118,975.6966100000002,NCO43,OUT045
1119,191.51737000000003,NCF18,OUT010
1120,153.20058,NCX41,OUT010
1121,709.3100300000001,FDY11,OUT013
1122,1155.1297100000002,FDU46,OUT049
1123,2015.47647,NCI18,OUT049
1124,1038.7478700000001,FDL38,OUT035
1125,967.2409500000001,FDY60,OUT017
1126,1371.5147099999997,FDF53,OUT049
1127,2878.952490000001,NCM05,OUT027
1128,1043.94111,FDR13,OUT018
1129,120.64295999999999,FDA49,OUT019
1130,93.31186999999998,FDY52,OUT019
1131,133.99225,FDL02,OUT019
1132,1479.9069499999998,FDO24,OUT013
1133,1456.0380199999997,FDM08,OUT035
1134,194.94624000000002,FDJ02,OUT019
1135,1186.58876,FDW40,OUT018
1136,814.6395899999999,FDT46,OUT027
1137,1110.5211100000001,FDY08,OUT017
1138,2118.7753400000006,FDM21,OUT027
1139,1890.60568,FDH26,OUT027
1140,1493.7888799999996,NCM42,OUT049
1141,1005.1915499999999,FDW13,OUT035
1142,2328.20273,FDN04,OUT027
1143,1154.7968099999998,NCD07,OUT046
1144,194.48017999999996,FDB34,OUT010
1145,1517.1917500000002,FDD09,OUT013
1146,740.86895,DRH59,OUT049
1147,1090.34737,DRN36,OUT035
1148,1229.33312,DRA24,OUT017
1149,1123.4043399999998,FDY36,OUT027
1150,1068.57571,FDG34,OUT013
1151,1593.1262400000003,FDK43,OUT017
1152,1511.1329699999992,NCM06,OUT017
1153,1298.5097400000002,FDK22,OUT018
1154,2452.1746900000003,FDF21,OUT027
1155,1237.08969,FDO33,OUT018
1156,894.9683600000001,NCO43,OUT017
1157,1193.2467599999998,FDX15,OUT035
1158,1664.4001299999995,FDS10,OUT046
1159,272.61180999999993,FDD46,OUT019
1160,1100.4675299999997,FDV22,OUT018
1161,488.3643,NCR29,OUT018
1162,1361.9604799999997,FDU34,OUT017
1163,836.9438899999998,FDZ35,OUT018
1164,1457.86897,FDA26,OUT035
1165,657.54408,FDP38,OUT017
1166,714.8694599999999,FDT22,OUT035
1167,911.0474300000002,FDA50,OUT017
1168,1234.4930699999998,FDY10,OUT046
1169,1107.6581700000002,FDC09,OUT045
1170,1378.7386399999998,FDT19,OUT018
1171,2012.0143099999993,FDO34,OUT027
1172,997.6680099999998,NCV54,OUT049
1173,1786.8074599999995,FDH57,OUT027
1174,1317.58491,FDA28,OUT046
1175,2313.3221000000003,FDB05,OUT046
1176,97.07364,FDK45,OUT019
1177,157.89446999999998,DRH01,OUT019
1178,613.73444,FDY52,OUT046
1179,1144.67665,FDR48,OUT035
1180,1327.5719099999997,FDY15,OUT035
1181,1293.48295,FDM51,OUT049
1182,545.5565200000001,FDR43,OUT046
1183,833.51502,FDW09,OUT013
1184,1497.55065,FDV44,OUT049
1185,191.81697999999997,DRH37,OUT019
1186,1142.8124100000002,FDZ47,OUT049
1187,1499.3483099999999,NCP43,OUT046
1188,1365.6889599999997,FDL26,OUT018
1189,1504.2419399999999,DRM35,OUT017
1190,997.1020799999999,FDM39,OUT018
1191,1531.5397400000006,DRD15,OUT045
1192,132.89368000000002,NCK06,OUT010
1193,1285.55993,FDV04,OUT045
1194,2002.5932399999997,FDG46,OUT027
1195,886.1465100000001,FDO19,OUT049
1196,1379.5376,NCN05,OUT049
1197,1033.02199,DRA12,OUT045
1198,822.4627399999999,FDJ02,OUT049
1199,588.7669400000002,NCK17,OUT045
1200,1465.7587000000003,FDO58,OUT013
1201,1549.8825299999994,FDB22,OUT049
1202,1348.7110599999999,FDG33,OUT045
1203,1081.29249,FDK58,OUT045
1204,109.99016000000003,DRH49,OUT019
1205,562.1349400000001,FDT43,OUT046
1206,1796.6613000000002,NCR38,OUT049
1207,977.0282099999998,DRI39,OUT035
1208,1293.8491399999998,NCZ05,OUT035
1209,190.65183000000002,FDU21,OUT013
1210,1093.5432100000003,NCP54,OUT049
1211,1010.7842699999999,NCX29,OUT045
1212,745.6960000000001,FDV01,OUT017
1213,890.20789,NCS17,OUT017
1214,500.8147599999999,NCN07,OUT013
1215,1044.80665,FDB14,OUT035
1216,1318.5503199999998,NCJ18,OUT035
1217,1332.6652800000004,FDF57,OUT046
1218,710.44189,DRG01,OUT013
1219,1062.98299,FDA02,OUT018
1220,1227.90165,DRJ37,OUT017
1221,448.88235999999995,NCP55,OUT013
1222,1942.4382099999998,FDW45,OUT027
1223,1401.1761,FDK38,OUT045
1224,160.02503,NCZ30,OUT010
1225,124.37144,FDK08,OUT019
1226,561.0363699999999,DRY23,OUT035
1227,1788.3055099999997,FDT31,OUT046
1228,1368.7516399999997,FDU52,OUT018
1229,2277.0692900000004,NCG19,OUT013
1230,804.38627,NCR30,OUT045
1231,894.2359799999998,FDN23,OUT045
1232,1617.7608399999997,FDQ01,OUT045
1233,147.00863999999999,FDO22,OUT010
1234,896.33325,DRE13,OUT045
1235,965.0438099999996,FDL44,OUT035
1236,962.6469299999999,FDT34,OUT035
1237,960.6162399999997,DRM23,OUT035
1238,1517.52465,FDF32,OUT045
1239,1795.6626,NCE18,OUT045
1240,1788.8714399999994,FDA51,OUT027
1241,1329.1032500000001,DRZ24,OUT017
1242,2035.8166599999997,FDT48,OUT049
1243,1258.6616099999997,DRG11,OUT046
1244,804.702525,FDE58,OUT049
1245,764.47156,DRA12,OUT013
1246,1126.4004400000001,FDP60,OUT017
1247,885.1810999999998,FDT10,OUT045
1248,2164.3160599999997,FDE05,OUT013
1249,648.75552,FDC32,OUT045
1250,1612.6341800000005,FDJ22,OUT017
1251,2108.8549199999998,NCH18,OUT018
1252,158.85987999999998,DRE37,OUT019
1253,1236.69021,DRC13,OUT035
1254,1854.05326,FDG47,OUT046
1255,2034.8179599999999,FDY55,OUT018
1256,1873.19501,NCW29,OUT027
1257,1263.42208,NCT05,OUT045
1258,960.4830800000002,FDN50,OUT049
1259,145.1444,FDU60,OUT010
1260,1849.4592400000001,FDX02,OUT013
1261,1206.7292100000002,FDL34,OUT049
1262,1503.6760100000001,DRF27,OUT017
1263,1269.9469199999999,FDZ35,OUT049
1264,1047.1369499999998,DRF03,OUT027
1265,1904.5874799999997,NCO41,OUT027
1266,1010.3515,FDQ59,OUT045
1267,1941.0400300000001,NCZ53,OUT018
1268,206.83076999999994,FDZ33,OUT019
1269,2130.99277,FDD34,OUT045
1270,1900.6259700000003,NCM06,OUT049
1271,1601.4154499999995,FDY43,OUT018
1272,207.99592,DRM23,OUT010
1273,569.5919000000001,FDT20,OUT049
1274,945.8021900000001,FDG46,OUT013
1275,1838.6399900000001,FDH10,OUT017
1276,931.8869700000001,FDF24,OUT035
1277,802.6218999999999,FDG57,OUT046
1278,1896.99736,FDN44,OUT017
1279,1189.6514399999999,FDD32,OUT013
1280,206.03181,FDI04,OUT019
1281,1375.2099000000003,FDA56,OUT046
1282,1584.1379400000003,DRG51,OUT017
1283,642.6967400000001,FDZ04,OUT017
1284,1358.1654200000003,FDT13,OUT035
1285,2153.26378,FDY56,OUT027
1286,491.66001000000006,FDB51,OUT017
1287,699.98883,NCY29,OUT013
1288,756.0159000000001,FDL34,OUT045
1289,1015.24513,NCQ38,OUT049
1290,2422.87949,NCR41,OUT027
1291,130.33035,FDY24,OUT010
1292,1329.23641,NCA42,OUT045
1293,1706.2456599999998,FDB11,OUT049
1294,2212.81959,FDG26,OUT035
1295,991.97542,FDH24,OUT035
1296,638.4023300000001,FDX44,OUT013
1297,2295.3455,FDT52,OUT017
1298,506.80696,FDT04,OUT017
1299,1707.34423,FDO58,OUT046
1300,787.3085,FDR60,OUT046
1301,1630.01156,NCL54,OUT045
1302,1455.8382800000002,FDW50,OUT013
1303,115.74932999999999,FDK43,OUT019
1304,1098.5034199999996,FDQ32,OUT018
1305,811.24401,FDE29,OUT046
1306,966.0425099999999,NCN07,OUT045
1307,2062.5818200000003,FDB37,OUT013
1308,1200.4041100000002,FDD21,OUT049
1309,947.6331400000001,FDX16,OUT013
1310,1051.6310999999998,FDN46,OUT049
1311,114.25127999999995,FDV28,OUT010
1312,2725.05282,FDR48,OUT027
1313,1287.5906199999997,FDW37,OUT027
1314,677.2850500000002,FDV40,OUT035
1315,1033.02199,FDZ57,OUT018
1316,1494.3881000000001,FDY46,OUT049
1317,1352.6725699999995,FDX45,OUT049
1318,919.9691499999996,FDB33,OUT035
1319,202.4032,FDT58,OUT010
1320,1799.6573999999996,FDM39,OUT049
1321,800.6577900000001,NCY41,OUT045
1322,1519.32231,NCL31,OUT046
1323,1742.56505,NCJ31,OUT046
1324,266.38658,FDO23,OUT019
1325,932.6526399999999,FDN56,OUT035
1326,2226.4019100000005,FDF04,OUT013
1327,1412.4281199999996,FDJ44,OUT013
1328,1692.89637,FDS50,OUT045
1329,3030.22225,NCQ41,OUT027
1330,993.73979,FDA49,OUT046
1331,2188.61776,NCZ06,OUT017
1332,1344.0171699999999,NCM43,OUT018
1333,1547.1527500000004,FDH19,OUT013
1334,926.69373,FDS15,OUT049
1335,665.9664499999999,FDO50,OUT018
1336,1085.7866399999998,FDJ20,OUT018
1337,145.94336000000004,NCI31,OUT010
1338,2141.61228,FDU20,OUT027
1339,1403.8060100000002,DRK13,OUT046
1340,1624.7184499999998,DRJ24,OUT045
1341,2109.05466,FDI20,OUT045
1342,759.71109,FDF10,OUT045
1343,1598.3860600000003,FDQ45,OUT046
1344,1255.63222,FDQ10,OUT035
1345,1876.4241399999996,FDM36,OUT035
1346,1066.7114699999997,FDN12,OUT018
1347,1228.8004799999999,FDD50,OUT013
1348,1363.82472,FDG17,OUT049
1349,1546.8198499999999,FDY58,OUT049
1350,338.42614,NCK29,OUT019
1351,99.73684000000003,FDM32,OUT010
1352,1129.1302199999998,FDL46,OUT046
1353,1319.9817900000003,FDC51,OUT049
1354,1692.6633399999998,FDF16,OUT049
1355,639.3344500000001,NCV54,OUT013
1356,738.8715499999998,FDE35,OUT045
1357,1405.90328,FDA23,OUT035
1358,2065.2450199999994,FDI46,OUT045
1359,960.2167600000002,FDZ21,OUT013
1360,1381.535,DRK13,OUT017
1361,1968.0715099999998,FDX36,OUT017
1362,810.7113700000001,FDY22,OUT018
1363,2784.5087599999997,FDR32,OUT027
1364,711.9066500000001,DRF25,OUT046
1365,1205.39761,FDK20,OUT046
1366,97.20680000000002,DRI11,OUT019
1367,1554.5764199999999,FDH05,OUT045
1368,1822.4943399999997,FDA46,OUT045
1369,1495.7197,DRD24,OUT046
1370,1199.80489,FDL39,OUT017
1371,675.6205500000001,FDD52,OUT018
1372,1817.46755,FDR55,OUT017
1373,1961.2137700000003,DRI13,OUT017
1374,1262.3568,FDG31,OUT027
1375,709.04371,FDP04,OUT045
1376,1167.8132,FDH35,OUT013
1377,1483.63543,NCB42,OUT035
1378,1435.76441,FDQ14,OUT049
1379,2846.9940900000006,FDI19,OUT027
1380,220.94572999999997,FDJ55,OUT010
1381,823.9607899999999,DRN59,OUT049
1382,697.0925999999997,NCR06,OUT013
1383,1527.47836,NCF42,OUT013
1384,504.27691999999996,FDG24,OUT018
1385,944.3374299999999,FDB58,OUT018
1386,921.1343,FDQ56,OUT027
1387,891.9056800000001,NCV41,OUT046
1388,1439.2598600000001,FDW19,OUT017
1389,117.48041,FDO56,OUT010
1390,1134.1237200000003,FDI41,OUT045
1391,755.5498399999999,FDN10,OUT018
1392,649.7875099999999,FDY20,OUT018
1393,2332.230819999999,DRM37,OUT027
1394,1074.0685600000002,FDV34,OUT045
1395,2064.8788300000006,NCX18,OUT035
1396,981.9884200000002,FDY10,OUT045
1397,1470.7189100000003,NCZ17,OUT027
1398,1797.5268400000004,FDT12,OUT013
1399,1024.1335599999998,FDD57,OUT046
1400,1066.21212,FDK45,OUT045
1401,1511.9319299999997,FDJ57,OUT045
1402,741.5347499999997,NCI31,OUT049
1403,741.484815,FDZ48,OUT049
1404,828.4216500000002,FDI16,OUT046
1405,1623.1871100000003,FDZ31,OUT049
1406,857.68356,DRG15,OUT045
1407,1367.2203000000002,FDX36,OUT045
1408,1670.9249700000005,FDD40,OUT046
1409,2230.96264,FDA04,OUT027
1410,603.71415,FDL21,OUT013
1411,1004.7254899999998,FDS21,OUT013
1412,1561.1345499999998,DRF23,OUT017
1413,737.2736299999999,FDM46,OUT035
1414,4204.95977,DRG49,OUT027
1415,2101.5977,FDG26,OUT045
1416,2398.91069,FDR51,OUT027
1417,2020.5698400000006,FDV39,OUT035
1418,1706.3788200000004,FDC39,OUT017
1419,2614.0972499999993,FDP45,OUT017
1420,1208.9263500000002,FDC56,OUT046
1421,1244.3801999999998,FDK38,OUT017
1422,550.0839599999999,NCJ29,OUT013
1423,144.04582999999997,NCF19,OUT019
1424,336.66177000000005,FDG59,OUT035
1425,300.10935000000006,FDE59,OUT017
1426,1213.1874699999996,FDB04,OUT017
1427,880.65366,NCK05,OUT013
1428,1623.45343,FDR03,OUT017
1429,175.00552999999994,FDQ03,OUT019
1430,1179.39812,FDC59,OUT017
1431,2156.35975,DRB13,OUT017
1432,871.4323299999999,NCE54,OUT017
1433,1276.3053100000002,FDC10,OUT035
1434,304.50362999999993,FDR46,OUT019
1435,874.6614599999999,FDA10,OUT035
1436,3079.42487,FDP23,OUT027
1437,2021.60183,FDJ41,OUT013
1438,1048.4019700000001,FDL46,OUT013
1439,945.7356100000001,FDX33,OUT035
1440,1381.8679,NCL29,OUT049
1441,134.12541000000002,FDE16,OUT019
1442,1374.5440999999996,FDM57,OUT046
1443,1761.6402200000005,FDZ36,OUT013
1444,206.398,NCW42,OUT010
1445,217.01750999999996,NCI54,OUT019
1446,830.9183999999999,DRK01,OUT018
1447,254.80166000000003,FDX10,OUT045
1448,910.2817600000001,FDO46,OUT018
1449,139.1522,FDD16,OUT010
1450,2565.3606900000004,FDZ20,OUT027
1451,2033.25333,NCI18,OUT017
1452,552.5474199999999,DRI25,OUT046
1453,1706.0459199999993,FDY44,OUT045
1454,86.62057999999999,FDW38,OUT019
1455,2338.589209999999,FDY33,OUT027
1456,830.1194400000002,DRH51,OUT035
1457,981.95513,FDT32,OUT017
1458,1131.86,FDI50,OUT049
1459,1494.0552000000002,FDB60,OUT013
1460,1727.01862,FDP09,OUT035
1461,1368.1857100000002,FDA20,OUT013
1462,192.28304000000003,NCX05,OUT019
1463,1511.5990300000005,DRF37,OUT045
1464,1661.5704800000003,FDJ26,OUT046
1465,1418.8863800000004,FDZ25,OUT046
1466,917.5056900000002,FDZ58,OUT035
1467,2639.897,FDZ50,OUT027
1468,157.09551,NCG18,OUT010
1469,1296.04628,FDZ56,OUT045
1470,1238.65432,FDH50,OUT013
1471,1083.2566000000002,DRO35,OUT045
1472,1362.3266699999997,DRH51,OUT027
1473,1060.98559,FDS19,OUT049
1474,1267.3170100000002,NCM06,OUT018
1475,1412.4946999999997,FDP52,OUT017
1476,189.58655,FDK02,OUT010
1477,662.8039000000001,FDG59,OUT046
1478,2016.3420099999992,FDN20,OUT027
1479,1392.4208299999998,FDO57,OUT018
1480,1882.0501499999996,NCJ30,OUT035
1481,136.75532,FDQ31,OUT010
1482,2056.48975,FDC05,OUT049
1483,1542.5254400000001,FDM08,OUT013
1484,1825.59031,NCA41,OUT035
1485,1474.8468699999999,FDK15,OUT027
1486,1251.8704500000001,FDX56,OUT049
1487,2247.70751,FDT21,OUT046
1488,1168.0462300000002,FDQ46,OUT046
1489,350.67686,FDS01,OUT019
1490,307.2667,FDW34,OUT019
1491,2075.8978199999997,FDX07,OUT035
1492,831.31788,FDN13,OUT046
1493,526.04858,NCP02,OUT018
1494,1778.3185100000003,FDT48,OUT017
1495,1862.8085300000002,FDZ49,OUT035
1496,134.72463,NCJ17,OUT010
1497,1682.37673,FDB17,OUT017
1498,1016.4768599999998,FDP48,OUT018
1499,1227.96823,FDI53,OUT049
1500,899.0963200000002,FDW02,OUT013
1501,153.50019,FDL20,OUT019
1502,881.75223,FDV32,OUT018
1503,1183.9921399999998,FDG38,OUT017
1504,2962.5103900000004,NCB31,OUT027
1505,1710.9062600000002,FDF52,OUT017
1506,1569.2906000000005,FDB15,OUT049
1507,1175.9692499999999,FDO48,OUT018
1508,1794.3309999999997,NCR53,OUT018
1509,1052.16374,FDF56,OUT013
1510,1777.4529700000003,FDL57,OUT018
1511,1064.5143299999995,NCC31,OUT013
1512,1287.8569400000001,FDE33,OUT049
1513,1466.5909499999993,FDV52,OUT017
1514,2653.4127399999998,FDR46,OUT027
1515,1344.28349,DRE12,OUT046
1516,145.31085000000002,FDD57,OUT010
1517,1756.51356,NCS41,OUT049
1518,575.6506800000001,NCY41,OUT017
1519,1639.69895,FDV22,OUT017
1520,1282.5638299999998,FDF12,OUT045
1521,834.68017,FDM13,OUT013
1522,798.4606500000001,FDQ56,OUT046
1523,2774.55505,FDW55,OUT027
1524,1383.7987199999993,NCT29,OUT027
1525,1628.61338,NCX42,OUT017
1526,1250.50556,FDR24,OUT017
1527,883.68305,NCS42,OUT017
1528,708.4111999999999,FDL40,OUT018
1529,1558.0052899999998,FDD47,OUT046
1530,293.1517400000001,DRE03,OUT046
1531,1608.17332,NCM18,OUT027
1532,1886.2113999999997,FDF52,OUT045
1533,1012.2157399999999,NCG43,OUT045
1534,1834.44545,FDE20,OUT046
1535,1215.1848700000003,FDI33,OUT017
1536,921.9998400000001,NCT06,OUT013
1537,905.98735,FDY24,OUT035
1538,1358.0655499999998,FDZ33,OUT017
1539,1571.58761,FDJ55,OUT018
1540,381.03734,FDE45,OUT019
1541,1516.9587200000005,FDD44,OUT018
1542,1421.68274,FDD10,OUT018
1543,78.29808,FDA39,OUT018
1544,755.08378,FDB36,OUT013
1545,200.30593000000002,FDK52,OUT010
1546,1230.29853,FDJ36,OUT049
1547,774.0590800000003,NCB55,OUT018
1548,193.58135000000001,NCK18,OUT010
1549,1013.3808900000001,FDX27,OUT049
1550,1419.85179,FDB08,OUT046
1551,2077.06297,FDX43,OUT046
1552,914.5428799999997,FDA20,OUT018
1553,142.04843,FDC04,OUT019
1554,2479.1063,FDG17,OUT017
1555,156.22997,FDU58,OUT010
1556,1327.0059799999997,FDP24,OUT027
1557,751.78807,NCT29,OUT045
1558,1190.4503999999995,FDB08,OUT018
1559,1553.47785,NCB43,OUT045
1560,285.36188000000004,FDL09,OUT019
1561,438.1962699999999,DRK49,OUT046
1562,1618.3267699999997,FDR37,OUT013
1563,1144.8430999999998,FDG56,OUT035
1564,1569.8565299999996,FDE34,OUT049
1565,3052.3268099999996,FDE16,OUT027
1566,1632.7413399999998,FDT58,OUT035
1567,2362.5912999999996,FDR03,OUT035
1568,1093.9759799999997,NCL30,OUT049
1569,1172.57367,FDT22,OUT027
1570,1334.2631999999999,FDP45,OUT049
1571,1064.48104,FDS15,OUT013
1572,2937.04354,FDF16,OUT027
1573,1362.3599600000002,FDL13,OUT045
1574,469.2558400000001,NCV30,OUT018
1575,268.28411,FDG33,OUT019
1576,866.0726400000001,FDO10,OUT046
1577,1544.92232,FDQ03,OUT013
1578,360.53069999999997,NCC55,OUT018
1579,1774.85635,FDD52,OUT027
1580,509.00409999999994,FDI16,OUT018
1581,1613.73275,FDB44,OUT046
1582,1532.8713400000001,FDA25,OUT046
1583,2093.2419099999997,FDV33,OUT046
1584,1164.6173600000002,FDX47,OUT049
1585,1006.3899900000002,FDO50,OUT017
1586,1503.40969,FDV57,OUT013
1587,1930.3206499999997,FDB02,OUT035
1588,94.61018000000001,FDD16,OUT019
1589,2188.1517,FDX02,OUT046
1590,218.48227000000006,FDP11,OUT010
1591,1350.2423999999999,FDH32,OUT027
1592,2116.2120100000006,NCL18,OUT049
1593,1822.82724,FDT12,OUT045
1594,2655.94278,FDD50,OUT027
1595,1073.9021100000002,NCU05,OUT049
1596,879.8547000000001,FDI56,OUT018
1597,1450.8780699999998,DRL11,OUT049
1598,945.3028399999997,FDQ08,OUT045
1599,1336.62679,FDW20,OUT027
1600,814.1735300000003,FDW46,OUT045
1601,2027.0281,FDO09,OUT049
1602,772.2947099999999,DRJ49,OUT018
1603,1050.9985899999997,FDP26,OUT013
1604,764.77117,FDO19,OUT035
1605,139.41852,NCG43,OUT010
1606,2032.2546300000001,FDG02,OUT046
1607,530.3097,FDO32,OUT035
1608,2089.3469800000003,FDR34,OUT046
1609,1756.0475000000001,FDU59,OUT046
1610,1658.70754,FDN31,OUT045
1611,2707.9084700000003,FDT55,OUT027
1612,1240.31882,FDE08,OUT018
1613,1950.1281999999999,FDK52,OUT013
1614,870.2005999999999,FDW11,OUT013
1615,2240.816479999999,FDC03,OUT049
1616,578.5469099999999,FDR43,OUT018
1617,160.65753999999998,FDL14,OUT010
1618,557.8072400000001,FDP39,OUT045
1619,638.10272,FDG29,OUT027
1620,1324.3427799999997,DRH15,OUT046
1621,1732.8110800000002,FDT11,OUT035
1622,790.6707899999999,FDU48,OUT035
1623,622.4564200000001,FDY12,OUT013
1624,2838.0390799999996,FDS44,OUT017
1625,987.8474600000002,NCP06,OUT018
1626,738.8049699999999,DRH23,OUT013
1627,3197.4046300000005,FDA16,OUT027
1628,509.53674,FDT45,OUT018
1629,973.5993400000001,FDE56,OUT017
1630,1137.7523299999998,FDA40,OUT017
1631,678.4501999999999,FDA39,OUT046
1632,1379.3045699999998,NCB19,OUT035
1633,1479.9402400000001,FDZ34,OUT013
1634,1496.78498,FDV22,OUT045
1635,1181.52868,FDO40,OUT049
1636,1046.13825,FDD21,OUT013
1637,1594.3579700000005,FDO36,OUT013
1638,999.1660600000001,FDV34,OUT049
1639,1258.362,NCY18,OUT045
1640,605.71155,NCM54,OUT018
1641,1773.8576499999995,FDB59,OUT049
1642,190.11918999999997,FDS45,OUT010
1643,1943.4701999999997,FDV24,OUT049
1644,192.94883999999996,FDD46,OUT010
1645,1445.4517999999996,FDQ39,OUT018
1646,1245.97812,FDD52,OUT046
1647,1279.43457,FDL39,OUT018
1648,1446.5836599999998,FDV02,OUT018
1649,1385.69625,FDE11,OUT046
1650,1987.1466799999994,NCU54,OUT049
1651,143.61305999999996,FDR43,OUT010
1652,760.5100500000001,FDD51,OUT013
1653,447.0847,FDO60,OUT017
1654,1602.4807300000002,NCS06,OUT013
1655,1029.95931,FDX50,OUT045
1656,1385.1636100000003,FDQ55,OUT035
1657,92.47962000000001,FDL52,OUT018
1658,1359.2307,FDK52,OUT045
1659,797.72827,NCO02,OUT017
1660,1552.6788900000001,NCO30,OUT035
1661,1393.4195300000001,FDA33,OUT049
1662,915.8411899999999,FDB12,OUT013
1663,1091.3793599999997,FDT40,OUT013
1664,941.1082999999999,NCO05,OUT017
1665,1968.9703399999999,FDR32,OUT049
1666,432.96974,FDM04,OUT018
1667,1385.92928,DRL01,OUT013
1668,673.52328,FDQ56,OUT018
1669,1805.6163100000006,FDH08,OUT046
1670,288.52443000000005,NCQ06,OUT019
1671,252.77096999999998,FDG16,OUT019
1672,861.3121699999999,FDZ40,OUT027
1673,1841.1700299999998,FDY51,OUT035
1674,618.29517,NCN41,OUT018
1675,2065.51134,NCM17,OUT027
1676,633.60857,FDP39,OUT017
1677,801.92281,FDZ08,OUT035
1678,1763.2048500000005,FDU03,OUT018
1679,1673.0888200000002,FDZ49,OUT046
1680,256.73248,NCX30,OUT019
1681,515.96171,FDV08,OUT045
1682,2491.6899199999993,FDB15,OUT013
1683,854.2214,FDY49,OUT013
1684,1258.6949,FDF24,OUT017
1685,1662.3694400000008,DRK47,OUT045
1686,741.1019799999998,DRD37,OUT017
1687,534.1047599999999,FDH40,OUT018
1688,1039.4136700000004,FDL12,OUT027
1689,809.2798999999998,FDW11,OUT027
1690,1879.2205,NCE06,OUT035
1691,1551.6468999999997,FDF32,OUT018
1692,1641.09713,DRI47,OUT035
1693,1357.10014,DRA12,OUT035
1694,1275.60622,FDX45,OUT013
1695,1629.4456300000004,FDR35,OUT013
1696,270.48125,FDK03,OUT010
1697,1237.25614,NCJ18,OUT013
1698,641.39843,FDN48,OUT045
1699,240.98631000000006,FDZ59,OUT019
1700,3131.9897800000003,FDB57,OUT027
1701,108.82500999999999,DRP35,OUT019
1702,1224.10659,FDZ59,OUT013
1703,878.1902,FDU58,OUT018
1704,2117.41045,FDL09,OUT035
1705,2655.7763299999997,FDY38,OUT017
1706,3912.2740900000013,FDI46,OUT027
1707,1269.6805999999995,FDL03,OUT017
1708,66.67987,DRC25,OUT019
1709,1307.3315900000002,FDU60,OUT045
1710,2506.2709400000003,FDP25,OUT027
1711,170.27835,FDO57,OUT010
1712,780.3009549999999,FDQ09,OUT049
1713,1026.6635999999996,NCY05,OUT027
1714,2126.09914,FDA20,OUT049
1715,185.72490999999997,FDF16,OUT010
1716,1420.35114,NCG07,OUT013
1717,1141.1146199999998,FDR46,OUT018
1718,646.29206,FDP22,OUT049
1719,940.7754000000001,FDL45,OUT035
1720,1403.7394300000003,NCF42,OUT018
1721,1180.52998,FDD04,OUT049
1722,1424.7787099999998,FDC45,OUT018
1723,1052.4966399999998,FDI40,OUT045
1724,1910.3799400000003,FDQ11,OUT046
1725,1167.01424,DRM48,OUT046
1726,942.40661,FDS12,OUT013
1727,960.88256,FDR46,OUT017
1728,697.7251100000001,NCO02,OUT045
1729,2582.8046499999996,FDQ52,OUT013
1730,2816.3007099999995,FDY28,OUT017
1731,892.9043799999996,FDE32,OUT046
1732,1780.1494599999999,FDJ58,OUT035
1733,882.8175100000002,FDJ27,OUT045
1734,970.2703399999998,NCM18,OUT049
1735,1277.77007,FDA02,OUT045
1736,1493.12308,FDT26,OUT046
1737,1296.7786600000004,DRD60,OUT035
1738,531.4748500000002,NCR18,OUT046
1739,1220.7110099999995,FDO27,OUT046
1740,252.83755000000002,FDP25,OUT019
1741,792.56832,FDQ51,OUT035
1742,1359.39715,NCH07,OUT017
1743,1168.41242,FDP44,OUT045
1744,577.8811099999999,NCP55,OUT017
1745,1736.5728499999998,FDO09,OUT013
1746,519.45716,FDP38,OUT049
1747,1045.2061299999998,FDI48,OUT017
1748,1672.45631,FDS58,OUT045
1749,2386.5600999999997,FDJ55,OUT035
1750,2047.8676399999997,NCF06,OUT049
1751,2181.66015,FDF41,OUT045
1752,179.83258000000006,NCL05,OUT019
1753,834.34727,FDT24,OUT049
1754,143.64635,FDK08,OUT010
1755,1996.9339400000001,FDU55,OUT018
1756,1726.4194,NCY18,OUT017
1757,1906.4850099999999,FDS11,OUT046
1758,126.76831999999999,FDC28,OUT019
1759,1793.2324300000005,FDR59,OUT046
1760,994.9049399999998,DRE15,OUT017
1761,998.16736,FDP19,OUT049
1762,1845.1648300000002,DRN47,OUT049
1763,1024.56633,FDJ34,OUT018
1764,1275.04029,FDX21,OUT018
1765,1927.7240299999999,FDI57,OUT027
1766,1574.9831899999997,NCI42,OUT046
1767,1377.8398099999995,FDL03,OUT045
1768,733.57844,FDX37,OUT013
1769,1510.93323,FDW57,OUT018
1770,858.94858,FDX14,OUT017
1771,1421.4164199999996,FDD09,OUT046
1772,1731.3796100000004,FDM09,OUT046
1773,607.8754000000001,NCW54,OUT018
1774,2738.7683,DRL11,OUT027
1775,1566.5608200000004,FDJ58,OUT018
1776,154.63204999999996,FDX21,OUT019
1777,1444.8858699999998,FDA20,OUT017
1778,972.2344499999999,FDL34,OUT035
1779,1780.0495899999999,FDL38,OUT027
1780,1159.0246399999999,DRL11,OUT018
1781,1466.4577900000002,FDO40,OUT018
1782,908.2510700000003,DRZ24,OUT045
1783,1116.7796299999998,FDM52,OUT035
1784,1879.7198500000006,FDM52,OUT017
1785,1701.1190000000006,FDV49,OUT018
1786,1725.6870199999998,FDF47,OUT017
1787,1765.7015999999999,FDF56,OUT035
1788,148.14049999999997,FDW12,OUT010
1789,439.32813,FDY09,OUT019
1790,1840.57081,FDY55,OUT035
1791,114.11812,FDU36,OUT019
1792,977.3943999999998,NCR06,OUT049
1793,428.50888,FDW24,OUT046
1794,1636.1702099999998,FDF16,OUT013
1795,864.0752399999998,NCR18,OUT049
1796,660.57347,DRD01,OUT035
1797,1100.73385,FDS15,OUT045
1798,1201.4693900000002,FDT19,OUT013
1799,371.1502100000001,FDE59,OUT013
1800,162.85467999999997,FDE04,OUT010
1801,1272.4103800000003,NCV17,OUT035
1802,1693.4623000000004,FDC17,OUT013
1803,1477.0440099999998,FDI45,OUT035
1804,3369.8801200000003,FDZ33,OUT027
1805,204.03440999999995,FDJ56,OUT019
1806,336.16242,FDN25,OUT013
1807,130.43022000000002,FDC10,OUT019
1808,640.9989499999999,FDQ22,OUT049
1809,1812.5739199999996,NCR54,OUT035
1810,1434.3662299999999,DRK11,OUT035
1811,676.0866100000001,DRI37,OUT017
1812,935.5988050000002,FDX37,OUT049
1813,1976.69362,FDF05,OUT046
1814,108.32566,FDW36,OUT019
1815,1421.01694,FDI04,OUT035
1816,1311.49284,FDB04,OUT045
1817,1484.93374,FDU38,OUT035
1818,1528.1108700000004,FDY28,OUT013
1819,1207.4948799999997,FDP20,OUT046
1820,1414.6585500000003,FDC29,OUT017
1821,1489.9272400000002,FDR45,OUT049
1822,1484.8671600000002,NCC42,OUT046
1823,1641.8627999999997,NCF42,OUT017
1824,251.93872000000002,FDZ45,OUT010
1825,2137.1514199999997,FDB23,OUT017
1826,740.40289,FDC41,OUT049
1827,245.58032999999992,FDA10,OUT019
1828,1568.8578300000001,NCM26,OUT017
1829,105.66246000000001,FDZ58,OUT019
1830,950.4960799999999,FDW35,OUT035
1831,1209.3924099999997,FDX32,OUT035
1832,1591.66148,FDK40,OUT018
1833,1114.0498499999999,FDD04,OUT017
1834,2029.5581400000003,FDP28,OUT046
1835,2121.83802,NCL42,OUT013
1836,1987.1466799999998,DRB13,OUT035
1837,1620.69036,FDC33,OUT018
1838,1331.6332900000002,FDO58,OUT035
1839,209.32752,FDE34,OUT010
1840,791.1701399999998,NCE19,OUT046
1841,236.79176999999996,NCJ18,OUT010
1842,1533.9366199999993,FDF52,OUT049
1843,1444.38652,FDY04,OUT035
1844,1004.6422650000002,DRF49,OUT049
1845,158.16079,FDX27,OUT010
1846,598.6873600000001,FDV28,OUT013
1847,174.83908,FDE33,OUT019
1848,1586.2685000000004,FDQ37,OUT013
1849,1005.3580000000002,NCG30,OUT046
1850,956.9210499999999,NCH29,OUT017
1851,1456.3376299999998,FDV20,OUT017
1852,660.17399,FDG57,OUT018
1853,2255.3309200000003,FDU60,OUT035
1854,136.62216,NCH30,OUT010
1855,160.1249,NCM29,OUT010
1856,1035.9848000000004,FDB12,OUT018
1857,567.09515,FDD53,OUT049
1858,739.8369600000002,FDI44,OUT049
1859,2888.83962,FDW56,OUT027
1860,520.58902,FDA01,OUT018
1861,2046.7024899999997,FDG47,OUT013
1862,1451.0778099999998,FDT40,OUT035
1863,1237.7221999999997,FDU20,OUT035
1864,977.1280800000002,NCP41,OUT018
1865,1947.1986800000002,FDW36,OUT027
1866,1566.1280499999998,FDN31,OUT049
1867,223.70880000000005,NCU54,OUT010
1868,1416.7225299999998,FDS01,OUT046
1869,950.2297599999999,FDA23,OUT017
1870,1333.8970100000001,FDY08,OUT045
1871,1892.60308,FDJ28,OUT046
1872,1744.3627099999999,DRF36,OUT046
1873,240.28722,FDH44,OUT010
1874,1357.96568,NCY54,OUT049
1875,264.85524,FDR59,OUT010
1876,1406.86869,DRA59,OUT046
1877,1125.7679299999998,FDS55,OUT017
1878,933.31844,FDZ28,OUT045
1879,1652.9150800000007,DRG49,OUT045
1880,193.54806000000002,FDH21,OUT019
1881,1405.3706400000003,NCN19,OUT013
1882,1752.9515300000003,FDP25,OUT045
1883,883.4833099999998,DRH59,OUT046
1884,776.6556999999999,FDH09,OUT035
1885,1064.7140700000002,NCK54,OUT049
1886,2537.6301200000003,FDT21,OUT045
1887,229.63442,FDR12,OUT019
1888,1167.41372,FDS25,OUT017
1889,1207.9942299999998,NCL05,OUT027
1890,2118.87521,NCI30,OUT017
1891,1535.1683499999997,FDJ26,OUT045
1892,1176.2855050000003,FDA56,OUT049
1893,1679.8466899999996,FDM33,OUT018
1894,790.2380199999999,FDP04,OUT049
1895,1844.0329699999998,FDR55,OUT045
1896,2318.94811,NCZ54,OUT027
1897,945.0365199999997,NCA53,OUT049
1898,1187.9536499999997,FDL20,OUT046
1899,1210.0249200000003,FDT26,OUT035
1900,1854.65248,NCZ06,OUT046
1901,2114.4476399999994,FDA04,OUT017
1902,2827.58602,FDD29,OUT027
1903,2199.7366200000006,FDS56,OUT046
1904,1623.4201399999997,FDT07,OUT013
1905,1301.4059699999998,FDT58,OUT018
1906,1130.09563,FDJ10,OUT027
1907,949.7636999999999,FDN25,OUT035
1908,1493.4226900000008,DRC27,OUT045
1909,1811.5419299999994,FDA38,OUT049
1910,747.2273399999999,FDM56,OUT013
1911,615.8650000000001,NCI43,OUT013
1912,1217.7482,FDP36,OUT017
1913,40.21431999999999,DRK49,OUT019
1914,214.28773,FDW32,OUT019
1915,2081.2908,NCW18,OUT049
1916,619.3271600000002,FDQ44,OUT018
1917,859.6143800000002,FDL45,OUT045
1918,766.03619,DRB48,OUT035
1919,1152.7994099999999,FDQ34,OUT018
1920,1384.09833,FDH17,OUT017
1921,121.5085,FDN08,OUT010
1922,1447.3826199999996,FDK57,OUT027
1923,2124.76754,FDK10,OUT013
1924,2475.1447899999994,FDL39,OUT027
1925,1529.6422100000004,FDP25,OUT035
1926,1691.5980599999998,FDC05,OUT035
1927,788.90642,FDA39,OUT013
1928,820.8648199999998,FDZ10,OUT013
1929,1288.0233900000003,FDK08,OUT027
1930,828.65468,DRD24,OUT013
1931,1120.50811,DRG48,OUT018
1932,93.44502999999999,FDH52,OUT019
1933,995.0713900000001,FDS25,OUT045
1934,1545.7878599999995,NCH43,OUT035
1935,1063.7153700000001,DRK01,OUT017
1936,983.3200199999998,FDD59,OUT017
1937,290.72157000000004,FDB27,OUT010
1938,824.5267200000002,FDO22,OUT013
1939,1019.8724399999999,FDD35,OUT045
1940,1629.5122100000003,FDR01,OUT035
1941,249.97461000000004,NCB31,OUT019
1942,1487.0975900000003,FDC35,OUT046
1943,998.1007799999998,FDS23,OUT045
1944,821.7969399999998,FDC33,OUT045
1945,2355.3340799999996,NCF18,OUT018
1946,1794.7637699999996,FDM36,OUT049
1947,854.5376550000001,FDJ53,OUT049
1948,828.6213899999999,NCL17,OUT018
1949,2277.60193,FDW27,OUT027
1950,2386.09404,FDA32,OUT046
1951,161.58966,FDA03,OUT010
1952,995.2045500000002,FDW09,OUT045
1953,2115.1800200000002,FDN09,OUT045
1954,1709.0753099999997,FDM08,OUT017
1955,779.9181199999999,FDX01,OUT018
1956,866.8549550000001,DRO35,OUT049
1957,1548.8172499999998,FDS31,OUT045
1958,1056.8909200000003,NCM53,OUT049
1959,712.7721900000001,FDI16,OUT013
1960,2135.81982,DRF36,OUT049
1961,2149.83491,FDW49,OUT027
1962,206.73090000000002,FDB58,OUT019
1963,784.3456899999999,NCJ18,OUT045
1964,1151.6342600000003,FDL51,OUT045
1965,792.7680600000001,FDS03,OUT018
1966,157.49499000000006,NCO54,OUT019
1967,1801.38848,FDA48,OUT045
1968,1792.6332099999995,NCK06,OUT027
1969,1391.72174,NCZ54,OUT045
1970,3736.2698600000003,FDW39,OUT027
1971,1968.73731,FDI09,OUT046
1972,954.29114,NCO02,OUT049
1973,1142.91228,DRF13,OUT049
1974,904.4560100000001,FDK25,OUT017
1975,1851.1570300000003,FDZ38,OUT017
1976,175.20527,NCQ42,OUT019
1977,1547.01959,FDM14,OUT027
1978,514.69669,FDC20,OUT046
1979,597.3224700000003,FDW32,OUT018
1980,2471.516180000001,FDQ19,OUT045
1981,1508.8692500000002,FDE08,OUT049
1982,1043.1421500000001,FDC29,OUT049
1983,1302.83744,FDV50,OUT013
1984,2424.9434699999997,FDF11,OUT017
1985,1810.5765200000005,FDN09,OUT018
1986,1095.6071900000002,DRG37,OUT045
1987,2097.27,NCV06,OUT027
1988,202.0703,DRJ13,OUT010
1989,1224.2397500000004,DRF25,OUT027
1990,256.56603,FDE53,OUT010
1991,2011.4483800000003,FDS08,OUT046
1992,926.3941199999999,FDO23,OUT017
1993,1818.1999300000002,FDT07,OUT046
1994,2043.14046,NCX29,OUT035
1995,714.1370799999997,FDG22,OUT035
1996,2421.74763,DRJ47,OUT027
1997,430.50628000000006,FDL43,OUT013
1998,2314.3207999999995,FDZ43,OUT027
1999,839.8734099999999,FDZ21,OUT046
2000,1137.81891,FDJ50,OUT035
2001,1292.3177999999998,FDV35,OUT046
